ID,Name,CompoundClass,InChIKey,SMILES,RT
860906,1_TG 14:0-13:0-14:0-d5_ISTD,TG,AQNYNFGTMNCFBJ-GZKVWLTASA-N,CCCCCCCCCCCCCC(=O)OCC(COC(=O)CCCCCCCCCCCCC)OC(=O)CCCCCCCCCCCC,9.211
860907,1_TG 14:0-15:1-14:0-d5_ISTD,TG,DODQZOMAJARNKZ-AHFZQTAFSA-N,CCCC/C=C\CCCCCCCCC(=O)OC(COC(=O)CCCCCCCCCCCCC)COC(=O)CCCCCCCCCCCCC,9.235
860908,1_TG 14:0-17:1-14:0-d5_ISTD,TG,FTNVNONNRPKCJR-AZGYRUHSSA-N,CCCCCC/C=C\CCCCCCCCC(=O)OC(COC(=O)CCCCCCCCCCCCC)COC(=O)CCCCCCCCCCCCC,9.742
860910,1_TG 16:0-15:1-16:0-d5_ISTD,TG,PSXYNYWEZMEKGX-HZLDJNHMSA-N,CCCC/C=C\CCCCCCCCC(=O)OC(COC(=O)CCCCCCCCCCCCCCC)COC(=O)CCCCCCCCCCCCCCC,10.223
860909,1_TG 16:0-17:1-16:0-d5_ISTD,TG,VROAKEJCOVRCMP-FLYSIYFLSA-N,CCCCCC/C=C\CCCCCCCCC(=O)OC(COC(=O)CCCCCCCCCCCCCCC)COC(=O)CCCCCCCCCCCCCCC,10.671
860911,1_TG 16:0-19:2-16:0-d5_ISTD,TG,DBPNKCYOLKUROS-FBUVSNCISA-N,CCCCC/C=C\C/C=C\CCCCCCCCC(=O)OC(COC(=O)CCCCCCCCCCCCCCC)COC(=O)CCCCCCCCCCCCCCC,10.713
860914,1_TG 18:1-17:1-18:1-d5_ISTD,TG,MOYCRTIGLGCJHW-CRHZRDJVSA-N,CCCCCC/C=C\CCCCCCCCC(=O)OC(COC(=O)CCCCCCC/C=C\CCCCCCCC)COC(=O)CCCCCCC/C=C\CCCCCCCC,10.696
860912,1_TG 18:1-19:2-18:1-d5_ISTD,TG,FUKSJCTYXSLZPJ-IVSGDUDLSA-N,CCCCC/C=C\C/C=C\CCCCCCCCC(=O)OC(COC(=O)CCCCCCC/C=C\CCCCCCCC)COC(=O)CCCCCCC/C=C\CCCCCCCC,10.73
860913,1_TG 18:1-21:2-18:1-d5_ISTD,TG,ZGWKVAYMDCDYQO-NLGODUORSA-N,CCCCC/C=C\C/C=C\CCCCCCCCCCC(=O)OC(COC(=O)CCCCCCC/C=C\CCCCCCCC)COC(=O)CCCCCCC/C=C\CCCCCCCC,11.111
700220,1_CE 14:1-d7_ISTD,CE,LAMGDJMPDNVWTB-MHKUVELWSA-N,CCCC/C=C\CCCCCCCC(=O)O[C@H]1CC[C@@]2(C)C(=CC[C@@H]3[C@@H]2CC[C@@]2(C)[C@H]3CC[C@@H]2[C@H](C)CCCC(C)C)C1,9.82
700221,1_CE 16:1-d7_ISTD,CE,HODJWNWCVNUPAQ-QJLUEIAISA-N,CCCCCC/C=C\CCCCCCCC(=O)O[C@H]1CC[C@@]2(C)C(=CC[C@@H]3[C@@H]2CC[C@@]2(C)[C@H]3CC[C@@H]2[C@H](C)CCCC(C)C)C1,10.392
700222,1_CE 18:1-d7_ISTD,CE,RJECHNNFRHZQKU-IHPCOYDHSA-N,CCCCCCCC/C=C\CCCCCCCC(=O)O[C@H]1CC[C@@]2(C)C(=CC[C@@H]3[C@@H]2CC[C@@]2(C)[C@H]3CC[C@@H]2[C@H](C)CCCC(C)C)C1,10.89
700223,1_CE 20:3-d7_ISTD,CE,ARRNWLFGLUXSFU-XLVYXQJTSA-N,CC/C=C\C/C=C\C/C=C\CCCCCCCCCC(=O)O[C@H]1CC[C@@]2(C)C(=CC[C@@H]3[C@@H]2CC[C@@]2(C)[C@H]3CC[C@@H]2[C@H](C)CCCC(C)C)C1,10.509
700226,1_CE 22:4-d7_ISTD,CE,ITGTXSFLBABXQA-DDDMWDGUSA-N,CCCCC/C=C\C/C=C\C/C=C\C/C=C\CCCCCC(=O)O[C@H]1CC[C@@]2(C)C(=CC[C@@H]3[C@@H]2CC[C@@]2(C)[C@H]3CC[C@@H]2[C@H](C)CCCC(C)C)C1,10.583
860748,1_Cer d18:1-d7/16:1_ISTD,Cer,ZXPULTKTJOBQPE-NWGIQDPJSA-N,CCCCCC/C=C\CCCCCCCC(=O)N[C@@H](CO)[C@H](O)/C=C/CCCCCCCCCCCCC,5.038
860747,1_Cer d18:1-d7/18:1_ISTD,Cer,OBFSLMQLPNKVRW-VUEBXAGJSA-N,CCCCCCCC/C=C\CCCCCCCC(=O)N[C@@H](CO)[C@H](O)/C=C/CCCCCCCCCCCCC,5.694
860746,1_Cer d18:1-d7/20:1_ISTD,Cer,VJSANVIMIYPTLW-ZAWGKZLXSA-N,CCCCCCCC/C=C\CCCCCCCCCC(=O)N[C@@H](CO)[C@H](O)/C=C/CCCCCCCCCCCCC,6.3420000000000005
860745,1_Cer d18:1-d7/22:1_ISTD,Cer,YHMJTZZWEXBHQK-JYLWQIILSA-N,CCCCCCCC/C=C\CCCCCCCCCCCC(=O)N[C@@H](CO)[C@H](O)/C=C/CCCCCCCCCCCCC,6.997000000000001
860679,1_Cer d18:1-d7/24:1_ISTD,Cer,VJSBNBBOSZJDKB-PVDQZAGSSA-N,CCCCCCCC/C=C\CCCCCCCCCCCCCC(=O)N[C@@H](CO)[C@H](O)/C=C/CCCCCCCCCCCCC,7.645
860741,1_SM d18:1/16:1-d9_ISTD,SM,OAHFTKWSJGVMTG-RHYICCDASA-N,CCCCCC/C=C\CCCCCCCC(=O)N[C@@H](COP(=O)([O-])OCC[N+](C)(C)C)[C@H](O)/C=C/CCCCCCCCCCCCC,4.25
860740,1_SM d18:1/18:1-d9_ISTD,SM,NBEADXWAAWCCDG-MIYYSBRESA-N,CCCCCCCC/C=C\CCCCCCCC(=O)N[C@@H](COP(=O)([O-])OCC[N+](C)(C)C)[C@H](O)/C=C/CCCCCCCCCCCCC,4.839
860742,1_SM d18:1/20:1-d9_ISTD,SM,MDRFMTLYKHBJTF-YIUBPXDCSA-N,CCCCCCCC/C=C\CCCCCCCCCC(=O)N[C@@H](COP(=O)([O-])OCC[N+](C)(C)C)[C@H](O)/C=C/CCCCCCCCCCCCC,5.428999999999999
860743,1_SM d18:1/22:1-d9_ISTD,SM,VBFKEZGCUWHGSK-PAFWCHNCSA-N,CCCCCCCC/C=C\CCCCCCCCCCCC(=O)N[C@@H](COP(=O)([O-])OCC[N+](C)(C)C)[C@H](O)/C=C/CCCCCCCCCCCCC,6.068
860744,1_SM d18:1/24:1-d9_ISTD,SM,WKZHECFHXLTOLJ-IYLJXMDBSA-N,CCCCCCCC/C=C\CCCCCCCCCCCCCC(=O)N[C@@H](COP(=O)([O-])OCC[N+](C)(C)C)[C@H](O)/C=C/CCCCCCCCCCCCC,6.724
855683,1_PC 17:0-14:1-d5_ISTD,PC,PLMJQEBGYPYWCL-UFGODONOSA-N,CCCC/C=C\CCCCCCCC(=O)O[C@H](COC(=O)CCCCCCCCCCCCCCCC)COP(=O)([O-])OCC[N+](C)(C)C,4.632
855682,1_PC 17:0-16:1-d5_ISTD,PC,DISVYZNGGMDUPX-ABLNFLQASA-N,CCCCCC/C=C\CCCCCCCC(=O)O[C@H](COC(=O)CCCCCCCCCCCCCCCC)COP(=O)([O-])OCC[N+](C)(C)C,5.221
855681,1_PC 17:0-18:1-d5_ISTD,PC,SXNXGNVZTLZDHE-CKUZZJEWSA-N,CCCCCCCC/C=C\CCCCCCCC(=O)O[C@H](COC(=O)CCCCCCCCCCCCCCCC)COP(=O)([O-])OCC[N+](C)(C)C,5.852
855680,1_PC 17:0-20:3-d5_ISTD,PC,VJODNNQZGFWVNO-KEGYGDDNSA-N,CC/C=C\C/C=C\C/C=C\CCCCCCCCCC(=O)O[C@H](COC(=O)CCCCCCCCCCCCCCCC)COP(=O)([O-])OCC[N+](C)(C)C,5.52
855678,1_PC 17:0-22:4-d5_ISTD,PC,LGPGBPOGXNRFFI-SIGVGCBXSA-N,CCCCC/C=C\C/C=C\C/C=C\C/C=C\CCCCCC(=O)O[C@H](COC(=O)CCCCCCCCCCCCCCCC)COP(=O)([O-])OCC[N+](C)(C)C,5.711
856721,1_PE 17:0-14:1-d5_ISTD,PE,QWRIURIVRIHUFS-UOKIJTKTSA-N,CCCC/C=C\CCCCCCCC(=O)O[C@H](COC(=O)CCCCCCCCCCCCCCCC)COP(=O)([O-])OCC[NH3+],4.781000000000001
856720,1_PE 17:0-16:1-d5_ISTD,PE,HPHKBIBKNIIZJX-XKHLRUKYSA-N,CCCCCC/C=C\CCCCCCCC(=O)O[C@H](COC(=O)CCCCCCCCCCCCCCCC)COP(=O)([O-])OCC[NH3+],5.3870000000000005
856719,1_PE 17:0-18:1-d5_ISTD,PE,UAKUCJGIIYSFFK-XSKRENDRSA-N,CCCCCCCC/C=C\CCCCCCCC(=O)O[C@H](COC(=O)CCCCCCCCCCCCCCCC)COP(=O)([O-])OCC[NH3+],6.035
856718,1_PE 17:0-20:3-d5_ISTD,PE,DGJLCEKUOUIZMG-LNJALEEMSA-N,CC/C=C\C/C=C\C/C=C\CCCCCCCCCC(=O)O[C@H](COC(=O)CCCCCCCCCCCCCCCC)COP(=O)([O-])OCC[NH3+],5.694
856717,1_PE 17:0-22:4-d5_ISTD,PE,CECLOFYFVPZDIU-VMMSSYOCSA-N,CCCCC/C=C\C/C=C\C/C=C\C/C=C\CCCCCC(=O)O[C@H](COC(=O)CCCCCCCCCCCCCCCC)COP(=O)([O-])OCC[NH3+],5.877000000000001
858135,1_PG 17:0-14:1-d5_ISTD,PG,DQUFTGULQVOAMB-QCXUBIRBSA-M,CCCC/C=C\CCCCCCCC(=O)O[C@H](COC(=O)CCCCCCCCCCCCCCCC)COP(=O)(O)OCC(O)CO,4.217
858134,1_PG 17:0-16:1-d5_ISTD,PG,BNFVPMRRISCOBN-LPUKRDQUSA-M,CCCCCC/C=C\CCCCCCCC(=O)O[C@H](COC(=O)CCCCCCCCCCCCCCCC)COP(=O)(O)OCC(O)CO,4.731
858133,1_PG 17:0-18:1-d5_ISTD,PG,KPQAAKNCVUJZMY-UJFKHEMBSA-M,CCCCCCCC/C=C\CCCCCCCC(=O)O[C@H](COC(=O)CCCCCCCCCCCCCCCC)COP(=O)(O)OCC(O)CO,5.312
858132,1_PG 17:0-20:3-d5_ISTD,PG,YNNVOCKGQSBVEE-KENVQDKJSA-M,CC/C=C\C/C=C\C/C=C\CCCCCCCCCC(=O)O[C@H](COC(=O)CCCCCCCCCCCCCCCC)COP(=O)(O)OCC(O)CO,5.013999999999999
858131,1_PG 17:0-22:4-d5_ISTD,PG,ALWWLZWRUKXTRW-YDGRZIOLSA-M,CCCCC/C=C\C/C=C\C/C=C\C/C=C\CCCCCC(=O)O[C@H](COC(=O)CCCCCCCCCCCCCCCC)COP(=O)(O)OCC(O)CO,5.188
858153,1_PS 17:0-14:1-d5_ISTD,PS,IRELIXIADHYYCG-ILZDLEQJSA-M,CCCC/C=C\CCCCCCCC(=O)O[C@H](COC(=O)CCCCCCCCCCCCCCCC)COP(=O)(O)OC[C@H](N)C(=O)O,4.159
858152,1_PS 17:0-16:1-d5_ISTD,PS,VUZCPORWSGFNMC-UZQJRUBPSA-M,CCCCCC/C=C\CCCCCCCC(=O)O[C@H](COC(=O)CCCCCCCCCCCCCCCC)COP(=O)(O)OC[C@H](N)C(=O)O,4.682
858151,1_PS 17:0-18:1-d5_ISTD,PS,SOZPRSCWPITHPP-JBILDCELSA-M,CCCCCCCC/C=C\CCCCCCCC(=O)O[C@H](COC(=O)CCCCCCCCCCCCCCCC)COP(=O)(O)OC[C@H](N)C(=O)O,5.271
858150,1_PS 17:0-20:3-d5_ISTD,PS,HWJWVGBGCNGPMG-JNIMQTFBSA-M,CC/C=C\C/C=C\C/C=C\CCCCCCCCCC(=O)O[C@H](COC(=O)CCCCCCCCCCCCCCCC)COP(=O)(O)OC[C@H](N)C(=O)O,4.964
858149,1_PS 17:0-22:4-d5_ISTD,PS,NDYYYDVYDXWQCL-ARVWDYNCSA-M,CCCCC/C=C\C/C=C\C/C=C\C/C=C\CCCCCC(=O)O[C@H](COC(=O)CCCCCCCCCCCCCCCC)COP(=O)(O)OC[C@H](N)C(=O)O,5.162999999999999
800827,1_DG 17:0-14:1-d5_ISTD,DG,DLBSJMKJZSHMIY-SUHWPQSZSA-N,CCCC/C=C\CCCCCCCC(=O)O[C@@H](CO)COC(=O)CCCCCCCCCCCCCCCC,5.943
800826,1_DG 17:0-16:1-d5_ISTD,DG,UOALZFQDQCEEMI-AGBOKAMRSA-N,CCCCCC/C=C\CCCCCCCC(=O)O[C@@H](CO)COC(=O)CCCCCCCCCCCCCCCC,6.599
800824,1_DG 17:0-18:1-d5_ISTD,DG,CPYYIMXJKFANHS-PVSUDOAPSA-N,CCCCCCCC/C=C\CCCCCCCC(=O)O[C@@H](CO)COC(=O)CCCCCCCCCCCCCCCC,7.271
800825,1_DG 17:0-20:3-d5_ISTD,DG,SYZULGQSZXBFNC-GVCCEMFESA-N,CC/C=C\C/C=C\C/C=C\CCCCCCCCCC(=O)O[C@@H](CO)COC(=O)CCCCCCCCCCCCCCCC,6.89
800823,1_DG 17:0-22:4-d5_ISTD,DG,ZVNYNKTXZBJOGG-WSLGWGALSA-N,CCCCC/C=C\C/C=C\C/C=C\C/C=C\CCCCCC(=O)O[C@@H](CO)COC(=O)CCCCCCCCCCCCCCCC,7.072
850109,1_PI 17:0-14:1-d5_ISTD,PI,VDNRHLFKICVCHS-YFLTYHSWSA-N,CCCC/C=C\CCCCCCCC(=O)O[C@H](COC(=O)CCCCCCCCCCCCCCCC)COP(=O)(O)O[C@H]1C(O)C(O)C(O)[C@@H](O)C1O,4.051
850110,1_PI 17:0-16:1-d5_ISTD,PI,UCBSYAZDGUCROK-FOHNHGKESA-N,CCCCCC/C=C\CCCCCCCC(=O)O[C@H](COC(=O)CCCCCCCCCCCCCCCC)COP(=O)(O)O[C@H]1C(O)C(O)C(O)[C@@H](O)C1O,4.565
850111,1_PI 17:0-18:1-d5_ISTD,PI,OKPXPXMIVCPMMC-RRGARBHVSA-N,CCCCCCCC/C=C\CCCCCCCC(=O)O[C@H](COC(=O)CCCCCCCCCCCCCCCC)COP(=O)(O)O[C@H]1C(O)C(O)C(O)[C@@H](O)C1O,5.122000000000001
850112,1_PI 17:0-20:3-d5_ISTD,PI,SHWKEFLKZFIZNN-CEGMAYKGSA-N,CC/C=C\C/C=C\C/C=C\CCCCCCCCCC(=O)O[C@H](COC(=O)CCCCCCCCCCCCCCCC)COP(=O)(O)O[C@H]1C(O)C(O)C(O)[C@@H](O)C1O,4.839
850118,1_PI 17:0-22:4-d5_ISTD,PI,KOELMHIGCDMVNT-HGXNKFAMSA-N,CCCCC/C=C\C/C=C\C/C=C\C/C=C\CCCCCC(=O)O[C@H](COC(=O)CCCCCCCCCCCCCCCC)COP(=O)(O)O[C@H]1C(O)C(O)C(O)[C@@H](O)C1O,5.022
850107,1_LPI 15:0-d5_ISTD,LPI,ADBRMFJLNNHJNZ-JWGYBDQUSA-N,CCCCCCCCCCCCCCC(=O)OC[C@@H](O)COP(=O)(O)O[C@H]1C(O)C(O)C(O)[C@@H](O)C1O,0.88
850108,1_LPI 17:0-d5_ISTD,LPI,NPLPNLFJDNJXTK-JXTUSDJKSA-N,CCCCCCCCCCCCCCCCC(=O)OC[C@@H](O)COP(=O)(O)O[C@H]1C(O)C(O)C(O)[C@@H](O)C1O,1.3030000000000002
850106,1_LPI 19:0-d5_ISTD,LPI,UJZIMHOITCDPDO-FJZJVFSWSA-N,CCCCCCCCCCCCCCCCCCC(=O)OC[C@@H](O)COP(=O)(O)O[C@H]1C(O)C(O)C(O)[C@@H](O)C1O,1.984
858146,1_LPS 15:0-d5_ISTD,LPS,AEVDLUGNDWRBCO-RHEHXNEWSA-M,CCCCCCCCCCCCCCC(=O)OC[C@@H](O)COP(=O)(O)OC[C@H](N)C(=O)O,0.921
858148,1_LPS 17:0-d5_ISTD,LPS,PKSDAUMBJXFSMS-DKOQEQIDSA-M,CCCCCCCCCCCCCCCCC(=O)OC[C@@H](O)COP(=O)(O)OC[C@H](N)C(=O)O,1.37
858147,1_LPS 19:0-d5_ISTD,LPS,LCBPIWGBYZWTMR-MZDPJMNBSA-M,CCCCCCCCCCCCCCCCCCC(=O)OC[C@@H](O)COP(=O)(O)OC[C@H](N)C(=O)O,2.05
858123,1_LPG 15:0-d5_ISTD,LPG,PLEIWLWNZBHOAI-WRACSYMMSA-M,CCCCCCCCCCCCCCC(=O)OC[C@@H](O)COP(=O)(O)OCC(O)CO,0.988
858130,1_LPG 17:0-d5_ISTD,LPG,VZVCYRDADNISEU-UNCSULASSA-M,CCCCCCCCCCCCCCCCC(=O)OC[C@@H](O)COP(=O)(O)OCC(O)CO,1.494
858129,1_LPG 19:0-d5_ISTD,LPG,OHNXGBLJCAEDLN-APEKIMAWSA-M,CCCCCCCCCCCCCCCCCCC(=O)OC[C@@H](O)COP(=O)(O)OCC(O)CO,2.25
870309,1_LPC 15:0-d5_ISTD,LPC,RJZVWDTYEWCUAR-UNTXIMIESA-N,CCCCCCCCCCCCCCC(=O)OC[C@@H](O)COP(=O)([O-])OCC[N+](C)(C)C,1.162
855679,1_LPC 17:0-d5_ISTD,LPC,SRRQPVVYXBTRQK-WPCWFKSPSA-N,CCCCCCCCCCCCCCCCC(=O)OC[C@@H](O)COP(=O)([O-])OCC[N+](C)(C)C,1.785
855778,1_LPC 19:0-d5_ISTD,LPC,WYIMORDZGCUBAA-MTUXNGCCSA-N,CCCCCCCCCCCCCCCCCCC(=O)OC[C@@H](O)COP(=O)([O-])OCC[N+](C)(C)C,2.648
856709,1_LPE 15:0-d5_ISTD,LPE,FGHPDPYCRTXYNZ-KKPIDSKESA-N,CCCCCCCCCCCCCCC(=O)OC[C@@H](O)COP(=O)([O-])OCC[NH3+],1.187
856710,1_LPE 17:0-d5_ISTD,LPE,RVNBVQKDPQVSOY-VCHBYTLLSA-N,CCCCCCCCCCCCCCCCC(=O)OC[C@@H](O)COP(=O)([O-])OCC[NH3+],1.826
856716,1_LPE 19:0-d5_ISTD,LPE,GEWUBFCXNZWHKH-DCMLGZEASA-N,CCCCCCCCCCCCCCCCCCC(=O)OC[C@@H](O)COP(=O)([O-])OCC[NH3+],2.714
700041,1_chol-d7_ISTD,ST,HVYWMOMLDIMFJA-IFAPJKRJSA-N,CC(C)CCC[C@@H](C)[C@H]1CC[C@H]2[C@@H]3CC=C4C[C@@H](O)CC[C@]4(C)[C@H]3CC[C@@]21C,4.806
10245190,CAR 10:0 [M]+,CAR,LZOSYCMHQXPBFU-UHFFFAOYSA-N,CCCCCCCCCC(=O)OC(CC(=O)[O-])C[N+](C)(C)C,0.614934164
168381,CAR 12:0 [M]+,CAR,FUJLYHJROOYKRA-QGZVFWFLSA-N,CCCCCCCCCCCC(=O)OC(CC(=O)[O-])C[N+](C)(C)C,0.76175202
53481681,CAR 14:2 [M]+ ,CAR,HXOGMKPCIDSSKJ-NKBLVAAJSA-N,CCCCCCCCC=CC=CCC(=O)OC(CCC(=O)[O-])[N+](C)(C)C,0.773611364
53477830,CAR 18:1 [M]+,CAR,HITOYGLMAFIRNI-YSESTWPTSA-N,CCCCCCC=CCCCCCCCCCC(=O)OC(CCC(=O)[O-])[N+](C)(C)C,1.773246607
53477821,CAR 18:3 [M]+,CAR,DFVGGGHKDAHYIU-UHMZJXMFSA-N,CCC=CCC=CCC=CCCCCCCCC(=O)OC(CCC(=O)[O-])[N+](C)(C)C,1.105047056
11953814,CAR 8:0 [M]+,CAR,CXTATJFJDMJMIY-CYBMUJFWSA-N,CCCCCCCC(=O)OC(CC(=O)[O-])C[N+](C)(C)C,0.536589393
53481667,CAR 8:1 [M]+,CAR,YMIVWYONPRZBEJ-LXKVQUBZSA-N,CCCCCC=CC(=O)OC(CCC(=O)[O-])[N+](C)(C)C,0.507319618
5287939,CE 18:2 [2M+Na]+,CE,NAACPBBQTFFYQB-LJAITQKLSA-N,CCCCCC=CCC=CCCCCCCCC(=O)OC1CCC2(C3CCC4(C(C3CC=C2C1)CCC4C(C)CCCC(C)C)C)C,10.59894587
53477892,CE 20:3 [2M+Na]+,CE,MLPRJPSMAFZPLA-PJSAOELNSA-N,CCCCCC=CCC=CCC=CCCCCCCC(=O)OC1CCC2(C3CCC4(C(C3CC=C2C1)CCC4C(C)CCCC(C)C)C)C,10.68052753
6479222,CE 20:4 [2M+Na]+,CE,IMXSFYNMSOULQS-BEDFLICRSA-N,CCCCCC=CCC=CCC=CCC=CCCCC(=O)OC1CCC2(C3CCC4(C(C3CC=C2C1)CCC4C(C)CCCC(C)C)C)C,10.34422727
14274978,CE 22:6 [2M+Na]+,CE,VOEVEGPMRIYYKC-HNJOWPRISA-N,CCC=CCC=CCC=CCC=CCC=CCC=CCCC(=O)OC1CCC2(C3CCC4(C(C3CC=C2C1)CCC4C(C)CCCC(C)C)C)C,10.08994318
5283567,Cer d40:1 [M+H]+,Cer,KEPQASGDXIEOIL-GLQCRSEXSA-N,CCCCCCCCCCCCCCCCCCCCCC(=O)NC(CO)C(C=CCCCCCCCCCCCCC)O,7.792570926
52931115,Cer d41:1 [M+H]+,Cer,NAJHAHQNQCNWOP-PUYNVXOJSA-N,CCCCCCCCCCCCCCCCCCCCCCC(=O)NC(CO)C(C=CCCCCCCCCCCCCC)O,8.112510067
5282283,DG 34:1 [M+K]+,DG,YEJYLHKQOBOSCP-OZKTZCCCSA-N,CCCCCCCCCCCCCCCC(=O)OCC(CO)OC(=O)CCCCCCCC=CCCCCCCCC,7.016007802
6443547,DG 36:1 [M+K]+,DG,SAEPUUXWQQNLGN-LVVMQYBKSA-N,CCCCCCCCCCCCCCCCCC(=O)OCC(CO)OC(=O)CCCCCCCC=CCCCCCCCC,7.682823455
9543716,DG 36:2 [M+K]+,DG,AFSHUZFNMVJNKX-LLWMBOQKSA-N,CCCCCCCCC=CCCCCCCCC(=O)OCC(CO)OC(=O)CCCCCCCC=CCCCCCCCC,7.075641225999999
9543722,DG 36:3 [M+K]+,DG,BLZVZPYMHLXLHG-JOBMVARSSA-N,CCCCCCCCC=CCCCCCCCC(=O)OCC(CO)OC(=O)CCCCCCCC=CCC=CCCCCC,6.540080699
9543737,DG 36:5 [M+K]+,DG,PGXBELQFNRPKBC-WBVIKXMWSA-N,CCCCCC=CCC=CCCCCCCCC(=O)OCC(CO)OC(=O)CCCCCCCC=CCC=CCC=CCC,5.611328021000001
53478362,DG 38:0 [M+K]+,DG,IQNYOCFHHRCMKY-KDXMTYKHSA-N,CCCCCCCCCCCCCCCCCCCCCC(=O)OCC(CO)OC(=O)CCCCCCCCCCCCCCC,8.126698346
9543766,DG 38:3 [M+K]+,DG,ADXAWIIUCSQOAS-SMJOZILHSA-N,CCCCCCCCC=CCCCCCCCC(=O)OCC(CO)OC(=O)CCCCCCCCCC=CCC=CCCCCC,6.919434678000001
9543795,DG 38:6 [M+K]+,DG,YDVDXUYJFQLPEG-CTHJWPIASA-N,CCCCCC=CCC=CCC=CCCCCCCC(=O)OC(CO)COC(=O)CCCCCCCC=CCC=CCC=CCC,5.838211908999999
70699232,GlcCer d40:1 [M+H]+,GSL,QMYGQSYNQBLKGY-YAEABVQUSA-N,CCCCCCCCCCCCCCCCCCCCCCCC(=O)NC(COC1C(C(C(C(O1)CO)O)O)O)C(C=CCCCCCCCCCCC)O,7.115384596999999
6321360,GlcCer d42:2 [M+H]+,GSL,WBOZIXHPUPAOIA-RBELZSLISA-N,CCCCCCCCCCCCCC=CC(C(COC1C(C(C(C(O1)CO)O)O)O)NC(=O)CCCCCCCCCCCCCC=CCCCCCCCC)O,7.085578009
460604,LPC 14:0 [M+H]+,LPC,VXUOFDJKYGDUJI-OAQYLSRUSA-N,CCCCCCCCCCCCCC(=O)OCC(COP(=O)([O-])OCC[N+](C)(C)C)O,0.987260184
24779461,LPC 16:1 [M+H]+,LPC,LFUDDCMNKWEORN-ZXEGGCGDSA-N,CCCCCCC=CCCCCCCCC(=O)OCC(COP(=O)([O-])OCC[N+](C)(C)C)O,1.095234193
24779451,LPC 17:1 [M+H]+,LPC,LPMGFNAQZPADDZ-FJIRUFBNSA-N,CCCCCCCC=CCCCCCCCC(=O)OCC(COP(=O)([O-])OCC[N+](C)(C)C)O,1.335274781
497299,LPC 18:0 [M+H]+,LPC,IHNKQIMGVNPMTC-RUZDIDTESA-N,CCCCCCCCCCCCCCCCCC(=O)OCC(COP(=O)([O-])OCC[N+](C)(C)C)O,2.245444893
11005824,LPC 18:2 [M+H]+,LPC,SPJFYYJXNPEZDW-FTJOPAKQSA-N,CCCCCC=CCC=CCCCCCCCC(=O)OCC(COP(=O)([O-])OCC[N+](C)(C)C)O,1.232668835
24779473,LPC 20:0 [M+H]+,LPC,UATOAILWGVYRQS-HHHXNRCGSA-N,CCCCCCCCCCCCCCCCCCCC(=O)OCC(COP(=O)([O-])OCC[N+](C)(C)C)O,3.046603637
52924055,LPC 20:3 [M+H]+,LPC,BBNHCUBQEQJHIG-FZZJNMCHSA-N,CCCCCC=CCC=CCC=CCCCCCCC(=O)OCC(COP(=O)([O-])OCC[N+](C)(C)C)O,1.429210573
11757087,LPC 20:5 [M+H]+,LPC,PDIGSOAOQOXRDU-WJPZTBRDSA-N,CCC=CCC=CCC=CCC=CCC=CCCCC(=O)OCC(COP(=O)([O-])OCC[N+](C)(C)C)O,1.139471937
52924039,LPC 22:4 [M+H]+,LPC,ZOJBSSVHFSBHMP-JJJSWPRASA-N,CCCCCC=CCC=CCC=CCC=CCCCCCC(=O)OCC(COP(=O)([O-])OCC[N+](C)(C)C)O,1.643727118
10415542,LPC 22:6 [M+H]+,LPC,LSOWKZULVQWMLY-APPDJCNMSA-N,CCC=CCC=CCC=CCC=CCC=CCC=CCCC(=O)OCC(COP(=O)([O-])OCC[N+](C)(C)C)O,1.151469204
10480367,LPC O-16:0 [M+H]+,LPC,VLBPIWYTPAXCFJ-DEOSSOPVSA-N,CCCCCCCCCCCCCCCCOCC(COP(=O)([O-])OCC[N+](C)(C)C)O,1.733161856
46907874,PC 16:0/9:0 CHO [M+H]+,PC,PPTNNIINSOQWCE-WJOKGBTCSA-N,CCCCCCCCCCCCCCCC(=O)OCC(COP(=O)([O-])OCC[N+](C)(C)C)OC(=O)CCCCCCCC=O,2.351139153
129657,PC 30:0 [M+H]+,PC,RFVFQQWKPSOBED-PSXMRANNSA-N,CCCCCCCCCCCCCCCC(=O)OC(COC(=O)CCCCCCCCCCCCC)COP(=O)([O-])OCC[N+](C)(C)C,4.882193763
24778657,PC 31:1 [M+H]+,PC,QFVHCMLUKNHDSH-WTWBAFHPSA-N,CCCCCCCCCCCCCCC(=O)OCC(COP(=O)([O-])OCC[N+](C)(C)C)OC(=O)CCCCCCCC=CCCCCCC,4.665692944
452110,PC 32:0 [M+H]+,PC,KILNVBDSWZSGLL-KXQOOQHDSA-N,CCCCCCCCCCCCCCCC(=O)OCC(COP(=O)([O-])OCC[N+](C)(C)C)OC(=O)CCCCCCCCCCCCCCC,5.522518668
6443788,PC 32:1 [M+H]+,PC,QIBZFHLFHCIUOT-NPBIGWJUSA-N,CCCCCCCCCCCCCCCC(=O)OCC(COP(=O)([O-])OCC[N+](C)(C)C)OC(=O)CCCCCCCC=CCCCCCC,4.960992051
52922763,PC 32:3 [M+H]+,PC,UXEFXNOSLOCOLX-ZCHSEWAGSA-N,CCCCCCCCCCCCCC(=O)OC(COC(=O)CCCCC=CCC=CCC=CCCCCC)COP(=O)([O-])OCC[N+](C)(C)C,4.854301261
52922645,PC 33:0 [M+H]+,PC,FHENRYRLCPXONH-LDLOPFEMSA-N,CCCCCCCCCCCCCCCCCC(=O)OCC(COP(=O)([O-])OCC[N+](C)(C)C)OC(=O)CCCCCCCCCCCCCC,5.749354916
52922442,PC 33:1 [M+H]+,PC,OFRWLQSOUIZELQ-VEAYGOGPSA-N,CCCCCCCCCCCCCCCCC(=O)OC(COC(=O)CCCCCCCC=CCCCCCC)COP(=O)([O-])OCC[N+](C)(C)C,5.276164239
24778686,PC 34:0 [M+H]+,PC,PZNPLUBHRSSFHT-RRHRGVEJSA-N,CCCCCCCCCCCCCCCCCC(=O)OC(COC(=O)CCCCCCCCCCCCCCC)COP(=O)([O-])OCC[N+](C)(C)C,6.203673893
5287971,PC 34:2 [M+H]+,PC,JLPULHDHAOZNQI-ZTIMHPMXSA-N,CCCCCCCCCCCCCCCC(=O)OCC(COP(=O)([O-])OCC[N+](C)(C)C)OC(=O)CCCCCCCC=CCC=CCCCCC,5.108668914
52922891,PC 34:4 [M+H]+,PC,YWDDIWXKFJEMKF-JTZVLWBESA-N,CCCCCCCCCCCCCCCC(=O)OC(COC(=O)CCCCC=CCC=CCC=CCC=CCC)COP(=O)([O-])OCC[N+](C)(C)C,4.409855305
52924614,PC 35:3 [M+H]+,PC,AYXGHIQPMDYMJC-AHMBLZLYSA-N,CCCCCCCCCCCCCCCCCC(=O)OC(COC(=O)CCCCCCC=CCC=CCC=CCCCCC)COP(=O)(O)OCCN,4.892014976
52922204,PC 35:4 [M+H]+,PC,OROZWUJCDDCYAU-IPUAOQJZSA-N,CCCCCCCCCCCCC(=O)OCC(COP(=O)([O-])OCC[N+](C)(C)C)OC(=O)CCCCCC=CCC=CCC=CCC=CCCCCC,4.705018426
10350317,PC 36:2 [M+H]+,PC,SNKAWJBJQDLSFF-NVKMUCNASA-N,CCCCCCCCC=CCCCCCCCC(=O)OCC(COP(=O)([O-])OCC[N+](C)(C)C)OC(=O)CCCCCCCC=CCCCCCCCC,5.759215585
52922783,PC 36:4 Isomer A [M+H]+,PC,NKQPOVROGSWLTO-NVPMBMBWSA-N,CCCCCCCCC=CCCCCCCCC(=O)OC(COC(=O)CCCCC=CCC=CCC=CCCCCC)COP(=O)([O-])OCC[N+](C)(C)C,4.705018426
10747814,PC 36:4 Isomer B [M+H]+,PC,IIZPXYDJLKNOIY-JXPKJXOSSA-N,CCCCCCCCCCCCCCCC(=O)OCC(COP(=O)([O-])OCC[N+](C)(C)C)OC(=O)CCCC=CCC=CCC=CCC=CCCCCC,4.9413050425
52922735,PC 37:2 [M+H]+,PC,MCZUABDVGPPWPM-HJTCUGKVSA-N,CCCCCCCCCCCCCCCCCCC(=O)OC(COC(=O)CCCCCCCC=CCC=CCCCCC)COP(=O)([O-])OCC[N+](C)(C)C,6.094967672
52922853,PC 37:4 [M+H]+,PC,QRPUCJXFPYFTMB-FBFLODOBSA-N,CCCCCCCCCC=CCCCCCCCC(=O)OC(COC(=O)CCCCCCCC=CCC=CCC=CCC)COP(=O)([O-])OCC[N+](C)(C)C,5.236684681
24779263,PC 38:2 [M+H]+,PC,KXXLFCAPKGRXBT-FMJYHZMHSA-N,CCCCCCCCCCCCCCCCCCCC(=O)OCC(COP(=O)([O-])OCC[N+](C)(C)C)OC(=O)CCCCCCCC=CCC=CCCCCC,6.361886062
53478919,PC 38:3 [M+H]+,PC,KNNHXKQRTYEWCA-HYYWERRFSA-N,CCCCCCC=CCCCCCCCCCC(=O)OC(COC(=O)CCCCCCCCCC=CCC=CCCCCC)COP(=O)([O-])OCC[N+](C)(C)C,5.936942883
53479033,PC 38:5 Isomer B  [M+H]+,PC,YLWBKBDNHWQEFU-YJXJLLHLSA-N,CCCCCCC=CCCCCCCCCCC(=O)OC(COC(=O)CCCC=CCC=CCC=CCC=CCCCCC)COP(=O)([O-])OCC[N+](C)(C)C,5.24663237
53479183,PC 40:4 [M+H]+,PC,FHUAYOMRHXZKHT-JUGJLYODSA-N,CCCCCCCCC=CCCCCCCCCCCCC(=O)OCC(COP(=O)([O-])OCC[N+](C)(C)C)OC(=O)CCCCCCCC=CCC=CCC=CCC,6.13452651
53479083,PC 40:5 Isomer A [M+H]+,PC,IJTJDJOOHZVSAC-NDRUHXFFSA-N,CCCCCCCCC=CCCCCCCCCCC(=O)OC(COC(=O)CCCCCCC=CCC=CCC=CCC=CCC)COP(=O)([O-])OCC[N+](C)(C)C,5.680335839
52923579,PC 40:6 Isomer A [M+H]+,PC,KZSXWBSDQDXESU-PPEVQBTRSA-N,CCCCCC=CCC=CCCCCCCCCCCCC(=O)OCC(COP(=O)([O-])OCC[N+](C)(C)C)OC(=O)CCCCC=CCC=CCC=CCC=CCC,5.16779815
52923195,PC 40:6 Isomer B [M+H]+,PC,TYRTWVKQVGNGSZ-RGBTVBCDSA-N,CCCCCC=CCC=CCCCCCCCCCC(=O)OCC(COP(=O)([O-])OCC[N+](C)(C)C)OC(=O)CCCC=CCC=CCC=CCC=CCCCCC,5.483102644
53479127,PC 40:8 [M+H]+,PC,SIMZOWLEIOYZJX-VRCXRDLJSA-N,CCCCCCCCC=CCC=CCC=CCCCC(=O)OC(COC(=O)CCCC=CCC=CCC=CCC=CCC=CCC)COP(=O)([O-])OCC[N+](C)(C)C,4.488538412
52923591,PC 42:5 [M+H]+,PC,APYSSUSAYQRESE-VZWUYPTESA-N,CCCCCC=CCC=CCCCCCCCCCCCC(=O)OCC(COP(=O)([O-])OCC[N+](C)(C)C)OC(=O)CCCCCCC=CCC=CCC=CCCCCC,6.17565857
52923651,PC 42:6 [M+H]+,PC,DSVRMAGYENFTLY-GDDYDVMSSA-N,CCCCCC=CCC=CCCCCCCCCCC(=O)OC(COC(=O)CCCCCC=CCC=CCC=CCC=CCCCCC)COP(=O)([O-])OCC[N+](C)(C)C,5.861923123
9546747,PE 34:2 [M+H]+,PE,HBZNVZIRJWODIB-NHCUFCNUSA-N,CCCCCCCCCCCCCCCC(=O)OCC(COP(=O)(O)OCCN)OC(=O)CCCCCCCC=CCC=CCCCCC,5.2663198
9546734,PE 36:1 [M+H]+,PE,JQKOHRZNEOQNJE-ZZEZOPTASA-N,CCCCCCCCCCCCCCCCCC(=O)OCC(COP(=O)(O)OCCN)OC(=O)CCCCCCCC=CCCCCCCCC,6.460799288
52924904,PE 36:4 [M+H]+,PE,KZLUVTCXBFEIFJ-XGLJQOENSA-N,CCCCCCCCCCCCCCCCCC(=O)OCC(COP(=O)(O)OCCN)OC(=O)CCCCC=CCC=CCC=CCC=CCC,5.157959331
44260123,SM d30:1 [M+H]+,SM,HZCLJRFPXMKWHR-FEBLJDHQSA-N,CCCCCCCCCCCCCC=CC(C(COP(=O)([O-])OCC[N+](C)(C)C)NC(=O)CCCCCCCCCCC)O,3.632694275
44260138,SM d32:0 [M+H]+,SM,MJAFYELZQYPMQG-MPQUPPDSSA-N,CCCCCCCCCCCCCCCC(C(COP(=O)([O-])OCC[N+](C)(C)C)NC(=O)CCCCCCCCCCCCC)O,4.390194586
11433862,SM d32:1 [M+H]+,SM,KYICBZWZQPCUMO-PSALXKTOSA-N,CCCCCCCCCCCCCC=CC(C(COP(=O)([O-])OCC[N+](C)(C)C)NC(=O)CCCCCCCCCCCCC)O,4.173690865
52931131,SM d32:2 [M+H]+,SM,PEJGMBUENJSLLH-RHAKMSQVSA-N,CCCCCCCCCCCCCC(=O)NC(COP(=O)([O-])OCC[N+](C)(C)C)C(C=CCCCCCCCCC=CCCC)O,3.721208916
9939965,SM d34:0 [M+H]+,SM,QHZIGNLCLJPLCU-QPPIDDCLSA-N,CCCCCCCCCCCCCCCC(C(COP(=O)([O-])OCC[N+](C)(C)C)NC(=O)CCCCCCCCCCCCCCC)O,5.0200668
9939941,SM d34:1 [M+H]+,SM,RWKUXQNLWDTSLO-GWQJGLRPSA-N,CCCCCCCCCCCCCCCC(=O)NC(COP(=O)([O-])OCC[N+](C)(C)C)C(C=CCCCCCCCCCCCCC)O,4.793626943
52931235,SM d34:2 [M+H]+,SM,YLWSJLLZUHSIEA-CKSUKHGVSA-N,CCCCCCCCCCCCCCCC(=O)NC(COP(=O)([O-])OCC[N+](C)(C)C)C(C=CCCCCCCCCC=CCCC)O,4.281979807
6453725,SM d36:1 [M+H]+,SM,LKQLRGMMMAHREN-YJFXYUILSA-N,CCCCCCCCCCCCCCCCCC(=O)NC(COP(=O)([O-])OCC[N+](C)(C)C)C(C=CCCCCCCCCCCCCC)O,5.463396702
52931171,SM d37:1 [M+H]+,SM,HAFQHLHNPJDAGB-MAJDXUCPSA-N,CCCCCCCCCCCCCCCCCCC(=O)NC(COP(=O)([O-])OCC[N+](C)(C)C)C(C=CCCCCCCCCCCCCC)O,5.801072932
44260124,SM d38:1 [M+H]+,SM,AADLTHQNYQJHQV-SVLGDMRNSA-N,CCCCCCCCCCCCCCCCCCCC(=O)NC(COP(=O)([O-])OCC[N+](C)(C)C)C(C=CCCCCCCCCCCCCC)O,6.173979731
134783033,SM d39:1 [M+H]+,SM,YXSZOBWVQJIWNE-LUJNSPTCSA-N,CCCCCCCCCCCCCCCCCCCCC(=O)NC(COP(=O)([O-])OCC[N+](C)(C)C)C(C=CCCCCCCCCCCCCC)O,6.530119037
52931187,SM d39:2 [M+H]+,SM,SDUGEKJCGFHJRC-IYXZHQORSA-N,CCCCCCCCCCCCCCCCCCCCC(=O)NC(COP(=O)([O-])OCC[N+](C)(C)C)C(C=CCCCCCCCCC=CCCC)O,5.914383916
52931201,SM d40:2 Isomer A [M+H]+,SM,FOULCGVQZYQEQM-DNXGLLHMSA-N,CCCCCCCCCCCC=CC(C(COP(=O)([O-])OCC[N+](C)(C)C)NC(=O)CCCCCCCCCCCCCC=CCCCCCCCC)O,6.16411651
44260127,SM d42:1 [M+H]+,SM,QEDPUVGSSDPBMD-XTAIVQBESA-N,CCCCCCCCCCCCCCCCCCCCCCCC(=O)NC(COP(=O)([O-])OCC[N+](C)(C)C)C(C=CCCCCCCCCCCCCC)O,7.533248536
52931217,SM d42:2 [M+H]+,SM,DACOGJMBYLZYDH-GXJPFUDISA-N,CCCCCCCCCCCCCCCCCCCCCCCC(=O)NC(COP(=O)([O-])OCC[N+](C)(C)C)C(C=CCCCCCCCCC=CCCC)O,6.837406388
52931215,SM d42:3 [M+H]+,SM,TXFLWJQVQCDUDZ-BRUGZULGSA-N,CCCCCCCCC=CCCCCCCCCCCCCCC(=O)NC(COP(=O)([O-])OCC[N+](C)(C)C)C(C=CCCCCCCCCC=CCCC)O,6.253092439
52931225,SM d43:1 [M+H]+,SM,LXMARZYBSFYVSY-KUQVZNNZSA-N,CCCCCCCCCCCCCCCCC(C(COP(=O)([O-])OCC[N+](C)(C)C)NC(=O)CCCCCCCCCCCCCC=CCCCCCCCC)O,7.7526395
52931221,SM d43:2 [M+H]+,SM,PBROMOQAZGFDHQ-GPQOMLTASA-N,CCCCCCCCCCCCCCCCCCCCCCCCC(=O)NC(COP(=O)([O-])OCC[N+](C)(C)C)C(C=CCCCCCCCCC=CCCC)O,7.055765819
91865738,TG 40:0 [M+K]+,TG,XTHFMIVZMLNNFC-RRHRGVEJSA-N,CCCCCCCCCCCCCCCC(=O)OCC(COC(=O)CCCCCCCCCCC)OC(=O)CCCCCCCCCCC,9.04690586
56936435,TG 40:1 [M+K]+,TG,GKTDXHXZBFIZJU-OIJJMQLXSA-N,CCCCCCCCCCCC(=O)OCC(COC(=O)CCCCCCCC=CCCCCCC)OC(=O)CCCCCCCCCCC,8.503484037
11148,TG 42:0 [M+K]+,TG,DUXYWXYOBMKGIN-UHFFFAOYSA-N,CCCCCCCCCCCCCC(=O)OCC(COC(=O)CCCCCCCCCCCCC)OC(=O)CCCCCCCCCCCCC,9.59273491
56937002,TG 42:1 [M+K]+,TG,PMWOTNASJLOLJE-BNQAGZCGSA-N,CCCCCCCCCCCCCC(=O)OC(COC(=O)CCCCCCCCCCC)COC(=O)CCCCCCCC=CCCCCCC,9.077200176
56937031,TG 42:2 [M+K]+,TG,IDWYMMYRNPSLDA-NNBKTNTFSA-N,CCCCCCCCCCCC(=O)OCC(COC(=O)CCCCCCCC=CCCCCCC)OC(=O)CCCCCCCC=CCCCC,8.593854748
56936464,TG 44:2 [M+K]+,TG,LJXSUVSRRMQRRA-WHTYERKGSA-N,CCCCCCCCCCCC(=O)OCC(COC(=O)CCCCCCCC=CCCCCCC)OC(=O)CCCCCCCC=CCCCCCC,9.157896714
4099879,TG 46:0 [M+K]+,TG,JWVXCFSNEOMSHH-UHFFFAOYSA-N,CCCCCCCCCCCCCCCC(=O)OCC(COC(=O)CCCCCCCCCCCCC)OC(=O)CCCCCCCCCCCCCCC,10.55822129
11764207,TG 46:1 [M+K]+,TG,RSDIQTNCDWUNDP-VHXPQNKSSA-N,CCCCCCCCCCCCCC(=O)OCC(COC(=O)CCCCCCCC=CCCCCCCCC)OC(=O)CCCCCCCCCCCCC,10.12049896
11147,TG 48:0 [M+K]+,TG,PVNIQBQSYATKKL-UHFFFAOYSA-N,CCCCCCCCCCCCCCCC(=O)OCC(COC(=O)CCCCCCCCCCCCCCC)OC(=O)CCCCCCCCCCCCCCC,10.996879729999998
9543986,TG 48:1 [M+K]+,TG,FEKLSEFRUGWUOS-DLOIZKPKSA-N,CCCCCCCCCCCCCCCC(=O)OCC(COC(=O)CCCCCCCC=CCCCCCC)OC(=O)CCCCCCCCCCCCCCC,10.56843196
9543987,TG 48:2 [M+K]+,TG,RUOVJPPUXXFZPC-YZEIBMOJSA-N,CCCCCCCCCCCCCCCC(=O)OCC(COC(=O)CCCCCCCC=CCCCCCC)OC(=O)CCCCCCCC=CCCCCCC,10.16116634
9543989,TG 48:3 [M+K]+,TG,SKGWNZXOCSYJQL-BUTYCLJRSA-N,CCCCCCC=CCCCCCCCC(=O)OCC(COC(=O)CCCCCCCC=CCCCCCC)OC(=O)CCCCCCCC=CCCCCCC,9.72443365
9543988,TG 49:0 [M+K]+,TG,TTWJTJMWHOYBPQ-ANFMRNGASA-N,CCCCCCCCCCCCCCCCC(=O)OCC(COC(=O)CCCCCCCCCCCCCCC)OC(=O)CCCCCCCCCCCCCCC,11.13987138
9543991,TG 49:1 [M+K]+,TG,VYYGQDOPVVYUKW-UKFBYESTSA-N,CCCCCCCCCCCCCCCC(=O)OCC(COC(=O)CCCCCCCC=CCCCCCCC)OC(=O)CCCCCCCCCCCCCCC,10.79269625
9543993,TG 49:2 [M+K]+,TG,QZYSUBAQYSVFNX-PSMULLBHSA-N,CCCCCCCCCCCCCCCCC(=O)OCC(COC(=O)CCCCCCCC=CCCCCCC)OC(=O)CCCCCCCC=CCCCCCC,10.39519317
56938088,TG 49:3 [M+K]+,TG,DIGMYZZFQSIQBD-PNLKURBTSA-N,CCCCCCCCCCCCCC(=O)OCC(COC(=O)CCCCCCCC=CCC=CCCCCC)OC(=O)CCCCCCCC=CCCCCCCC,9.9680632
25240460,TG 50:1 [M+K]+,TG,YHMDGPZOSGBQRH-YYSBDVFPSA-N,CCCCCCCCCCCCCCCC(=O)OCC(COC(=O)CCCCCCCC=CCCCCCCCC)OC(=O)CCCCCCCCCCCCCCC,10.996879729999998
9544010,TG 50:2 [M+K]+,TG,QEZWFCZNHWUARW-XQCAQTCHSA-N,CCCCCCCCCCCCCCCCCC(=O)OCC(COC(=O)CCCCCCCC=CCCCCCC)OC(=O)CCCCCCCC=CCCCCCC,10.60914319
9544045,TG 50:5 [M+K]+,TG,AFTBPUXZTDLRSP-UDQIKIEDSA-N,CCCCCCC=CCCCCCCCC(=O)OCC(COC(=O)CCCCCCCC=CCC=CCC=CCC)OC(=O)CCCCCCCC=CCCCCCC,9.461132676
9544006,TG 51:1 [M+K]+,TG,OZAXLAGNPZMZAD-BOEMPQCLSA-N,CCCCCCCCCCCCCCCCC(=O)OCC(COC(=O)CCCCCCCC=CCCCCCCC)OC(=O)CCCCCCCCCCCCCCCC,11.1807369
9544023,TG 51:3 [M+K]+,TG,ISSGPXMQOMAFMJ-DMGKHJLRSA-N,CCCCCCCC=CCCCCCCCC(=O)OCC(COC(=O)CCCCCCCC=CCCCCCCC)OC(=O)CCCCCCCC=CCCCCCCC,10.43592893
545690,TG 52:0 [M+K]+,TG,SDNYRTVJOFMYIW-OIVUAWODSA-N,CCCCCCCCCCCCCCCCCC(=O)OCC(COC(=O)CCCCCCCCCCCCCCC)OC(=O)CCCCCCCCCCCCCCCCC,11.68133752
5365005,TG 52:1 [M+K]+,TG,NPCZZYKITFKRQZ-RFBIWTDZSA-N,CCCCCCCCCCCCCCCCCC(=O)OC(COC(=O)CCCCCCCCCCCCCCC)COC(=O)CCCCCCCC=CCCCCCCCC,11.405532799999998
56938176,TG 52:2 [M+K]+,TG,TXMWKTABZBAJCW-QLHBUVOUSA-N,CCCCCCCCCCCCCCCCCCCC(=O)OCC(COC(=O)CCCCCCCCCCCCC)OC(=O)CCCCCCCC=CCC=CCCCCC,11.017284249999998
56938177,TG 52:3 [M+K]+,TG,DQXQIWIQYYEGLG-MMWLGPPDSA-N,CCCCCCCCCCCCCC(=O)OCC(COC(=O)CCCCCCCCCC=CCCCCCCCC)OC(=O)CCCCCCCC=CCC=CCCCCC,10.660177
25240364,TG 52:4 [M+K]+,TG,WHSWXEYWNPTUPW-HNJDVRDNSA-N,CCCCCCCCC=CCCCCCCCC(=O)OC(COC(=O)CCCCCCCC=CCCCCCC)COC(=O)CCCCCCCC=CCC=CCCCCC,10.2729823
25240366,TG 52:5 [M+K]+,TG,CQZAAIKPSLHIBC-KDJOUNIJSA-N,CCCCCCC=CCCCCCCCC(=O)OCC(COC(=O)CCCCCCCC=CCC=CCCCCC)OC(=O)CCCCCCCC=CCC=CCCCCC,9.947677662
56938180,TG 52:6 [M+K]+,TG,SSOSFUDNINFYLJ-KIYGNKBKSA-N,CCCCCCCCCCCCCC(=O)OCC(COC(=O)CCCC=CCC=CCC=CCC=CCCCCC)OC(=O)CCCCCCCC=CCC=CCCCCC,9.673837464
9544102,TG 53:2 [M+K]+,TG,RSINITWKVQRWSZ-RFVLVDBCSA-N,CCCCCCCCCCCCCCCCCC(=O)OCC(COC(=O)CCCCCCCC=CCC=CCCCC)OC(=O)CCCCCCCCCCCCCCCCC,11.211368209999998
9544126,TG 53:3 [M+K]+,TG,ZNQBEJJYVJSZLM-LEDQTTRKSA-N,CCCCCCCCC=CCCCCCCCC(=O)OCC(COC(=O)CCCCCCCC=CCCCCCCC)OC(=O)CCCCCCCC=CCCCCCCCC,10.853920269999998
56938183,TG 54:2 [M+K]+,TG,WUUWGORPQFKFQN-XDVOZUNOSA-N,CCCCCCCCCCCCCCCCCCCCCC(=O)OCC(COC(=O)CCCCCCCCCCCCC)OC(=O)CCCCCCCC=CCC=CCCCCC,11.41572026
9544255,TG 54:4 [M+K]+,TG,BRLGHZXETDWABO-NOFIOOQLSA-N,CCCCCCCCCCCCCCCCCC(=O)OCC(COC(=O)CCCCCCCC=CCC=CCC=CCC)OC(=O)CCCCCCCC=CCCCCCCCC,10.68052753
9544390,TG 56:2 [M+K]+,TG,PDEQUPGHMOMBFC-FYEHETCMSA-N,CCCCCCCCCCCCCCCCCCCC(=O)OCC(COC(=O)CCCCCCCCCCCCCCCCC)OC(=O)CCCCCCCC=CCC=CCCCCC,11.7427151
9544447,TG 56:3 [M+K]+,TG,QXMHHXQBBKDSSL-BAQZNRHJSA-N,CCCCCCCCC=CCCCCCCCCCC(=O)OCC(COC(=O)CCCCCCCC=CCCCCCCCC)OC(=O)CCCCCCCC=CCCCCCCCC,11.41572026
9544625,TG 56:6 [M+K]+,TG,ZTNDRFCABXFVMY-WJTCTALZSA-N,CCCCCC=CCC=CCCCCCCCCCC(=O)OCC(COC(=O)CCCCCCCC=CCC=CCCCCC)OC(=O)CCCCCCCC=CCC=CCCCCC,10.52766763
9545277,TG 58:10 [M+K]+,TG,GXWBCAVCOMAOHT-VMCJOIRWSA-N,CCCCCC=CCC=CCCCCCCCC(=O)OCC(COC(=O)CCCC=CCC=CCC=CCC=CCCCCC)OC(=O)CCCC=CCC=CCC=CCC=CCCCCC,9.602818269
9544748,TG 58:3 [M+K]+,TG,RFMSTHTUAZETPD-JJPHLYBUSA-N,CCCCCCCCC=CCCCCCCCCCC(=O)OCC(COC(=O)CCCCCCCC=CCCCCCCCC)OC(=O)CCCCCCCCCC=CCCCCCCCC,11.773293869999998
9544835,TG 58:4 [M+K]+,TG,CCKRHDUCFMOBKX-AAINFQTBSA-N,CCCCCCCCCCCCCCCCCCCC(=O)OC(COC(=O)CCCCCCCCCCCCCCCCC)COC(=O)CCCC=CCC=CCC=CCC=CCCCCC,11.44635221
9544977,TG 58:6 [M+K]+,TG,GSNFRUMSEHHPSY-LCXCSEBNSA-N,CCCCCCCCC=CCCCCCCCCCC(=O)OC(COC(=O)CCCCCCCC=CCCCCCCCC)COC(=O)CCCC=CCC=CCC=CCC=CCCCCC,10.864127860000002
9545124,TG 58:8 [M+K]+,TG,KWIGMCRWEINBIR-HUPVKWKYSA-N,CCCCCCCCCCCCCCCCCC(=O)OCC(COC(=O)CCCC=CCC=CCC=CCC=CCCCCC)OC(=O)CCCC=CCC=CCC=CCC=CCCCCC,10.36468229
9545040,TG 60:2 [M+K]+,TG,QPNVLDQSHXVPMG-JMYPUKFOSA-N,CCCCCCCCCCCCCCCCCCCC(=O)OCC(COC(=O)CCCCCCCCCC=CCCCCCCCC)OC(=O)CCCCCCCCCC=CCCCCCCCC,12.04906733
